scenario_id,target_name,total_pair_proxy_score,target_true,score__ao_ao,score__ao_mo,score__zddp_detergent,score__zn_dispersant,score__antiwear_ca_mg
train_1,oxidation,0.37911096028983593,98.04,0.17785543203353882,0.0,0.1776597909629345,0.0,0.023595737293362617
train_2,oxidation,0.5260443668812513,112.37,0.2736603915691376,0.0,0.23135928809642792,0.0,0.021024687215685844
train_3,oxidation,0.15572824189439416,36.33,0.06129755452275276,0.0,0.004923386033624411,0.0,0.08950730133801699
train_4,oxidation,0.16389049333520234,37.95,0.09228722006082535,0.0,0.0071918226312845945,0.0,0.0644114506430924
train_5,oxidation,0.15946341608650982,34.9,0.08694557100534439,0.0,0.007481214823201299,0.0,0.06503663025796413
train_6,oxidation,0.265508025418967,32.12,0.05817188322544098,0.0,0.022124141920357943,0.0,0.1852120002731681
train_7,oxidation,0.165603157132864,36.52,0.033747218549251556,0.0,0.010859099216759205,0.0,0.12099683936685324
train_8,oxidation,0.4181830766610801,34.19,0.040661413222551346,0.0,0.06699204025790095,0.0,0.3105296231806278
train_9,oxidation,0.23144698329269886,33.87,0.055787667632102966,0.0,0.00582747021690011,0.0,0.16983184544369578
train_10,oxidation,0.28541146009229124,85.04,0.2314077466726303,0.0,0.008759403368458152,0.0,0.045244310051202774
train_11,oxidation,0.48189064860343933,6.53,0.0,0.0,0.48189064860343933,0.0,0.0
train_12,oxidation,6.221158981323242,83.37,0.0,0.0,6.221158981323242,0.0,0.0
train_13,oxidation,0.8875336647033691,8.14,0.0,0.0,0.8875336647033691,0.0,0.0
train_14,oxidation,1.675258899340406,76.38,1.5982304811477661,0.0,0.05104236234910786,0.025986055843532085,0.0
train_15,oxidation,0.22796030272729695,60.24,0.1107255220413208,0.0,0.07888831873424351,0.038346461951732635,0.0
train_16,oxidation,0.226469048531726,68.26,0.1065823882818222,0.0,0.0806727905292064,0.0392138697206974,0.0
train_17,oxidation,5.067931175231934,76.37,0.0,0.0,5.067931175231934,0.0,0.0
train_18,oxidation,0.2722387947142124,39.15,0.16062955558300018,0.0,0.11160923913121223,0.0,0.0
train_19,oxidation,0.24661600589752197,39.27,0.2051229476928711,0.0,0.04149305820465088,0.0,0.0
train_20,oxidation,1.9275726899504662,97.66,0.04692449793219566,0.0,0.2145939413458109,0.0,1.6660542506724596
train_21,oxidation,1.0806911624968052,66.79,0.04001912847161293,0.05458790995180607,0.0801053112372756,0.0,0.9059788128361106
train_22,oxidation,0.10105124837718904,70.21,0.0343368798494339,0.0,0.010216831928119063,0.0,0.05649753659963608
train_23,oxidation,0.11281761131249368,65.94,0.026315823197364807,0.0,0.03171531087718904,0.0,0.054786477237939835
train_24,oxidation,0.13197714323177934,64.96,0.027474554255604744,0.0,0.00666125537827611,0.0,0.09784133359789848
train_25,oxidation,0.13829788309521973,24.69,0.029096730053424835,0.0,0.008626778377220035,0.0,0.10057437466457486
train_26,oxidation,0.14814177667722106,98.18,0.03255040943622589,0.056236736476421356,0.019806645577773452,0.0,0.03954798518680036
train_27,oxidation,0.5500594433397055,97.77,0.014710374176502228,0.025454395916312933,0.08244627714157104,0.0,0.42744839610531926
train_28,oxidation,0.22417972795665264,126.22,0.01641133800148964,0.0,0.04796892590820789,0.0,0.1597994640469551
train_29,oxidation,0.2226794078014791,119.83,0.01917058788239956,0.0,0.04659357015043497,0.0,0.15691524976864457
train_30,oxidation,0.23834993178024888,116.66,0.0197039395570755,0.0,0.060006496496498585,0.0,0.1586394957266748
train_31,oxidation,0.23834993178024888,116.66,0.0197039395570755,0.0,0.060006496496498585,0.0,0.1586394957266748
train_32,oxidation,0.09941241494379938,60.23,0.03781283646821976,0.0,0.01310615031979978,0.0,0.04849342815577984
train_33,oxidation,0.09941241494379938,60.23,0.03781283646821976,0.0,0.01310615031979978,0.0,0.04849342815577984
train_34,oxidation,0.09941241494379938,60.23,0.03781283646821976,0.0,0.01310615031979978,0.0,0.04849342815577984
train_35,oxidation,0.24935759045183659,106.86,0.019822508096694946,0.0,0.06269180681556463,0.0,0.166843275539577
train_36,oxidation,0.24971033609472215,103.54,0.024460725486278534,0.0,0.05982769746333361,0.0,0.16542191314511
train_37,oxidation,0.08392375730909407,89.11,0.018008628860116005,0.0,0.01076064258813858,0.0,0.055154485860839486
train_38,oxidation,0.2566870115697384,73.21,0.01762983575463295,0.0,0.05668286792933941,0.0,0.18237430788576603
train_39,oxidation,0.22416730178520083,96.16,0.017484299838542938,0.0,0.02344527840614319,0.0,0.1832377235405147
train_40,oxidation,0.18384941574186087,72.96,0.008969467133283615,0.0,0.012513739056885242,0.0,0.162366209551692
train_41,oxidation,0.10672208270989358,65.25,0.02596035785973072,0.0,0.02319965255446732,0.0,0.05756207229569554
train_42,oxidation,0.10014895536005497,71.94,0.02758471854031086,0.0,0.014803062193095684,0.0,0.057761174626648426
train_43,oxidation,0.10344875161536038,70.0,0.027770407497882843,0.0,0.01764878141693771,0.0,0.05802956270053983
train_44,oxidation,0.14300194953102618,27.49,0.05985020846128464,0.0,0.0037222859682515264,0.0,0.07942945510149002
train_45,oxidation,0.30401391303166747,30.58,0.23354549705982208,0.0,0.006687143351882696,0.0,0.06378127261996269
train_46,oxidation,0.11341592925600708,25.82,0.015650009736418724,0.0,0.005544216139242053,0.0,0.0922217033803463
train_47,oxidation,0.12575478572398424,57.42,0.0,0.0,0.0,0.0,0.12575478572398424
train_48,oxidation,0.09858553670346737,36.92,0.0,0.0,0.0,0.0,0.09858553670346737
train_49,oxidation,0.15578123554587364,31.16,0.0,0.0,0.0,0.0,0.15578123554587364
train_50,oxidation,1.6766213420778513,66.03,1.5802806615829468,0.0,0.09634068049490452,0.0,0.0
train_51,oxidation,1.9412729945033789,86.06,1.8819957971572876,0.0,0.05927719734609127,0.0,0.0
train_52,oxidation,0.2056187440175563,24.07,0.055895548313856125,0.07610725425183773,0.014314748579636216,0.0,0.05930119287222624
train_53,oxidation,0.22999858250841498,29.96,0.054168328642845154,0.07375547103583813,0.04153639590367675,0.0,0.060538386926054955
train_54,oxidation,0.1984020951204002,32.08,0.05731945112347603,0.07804602943360806,0.01202204218134284,0.0,0.05101457238197327
train_55,oxidation,0.20567594934254885,31.54,0.058167964220047,0.07945188879966736,0.0320921391248703,0.0,0.03596395719796419
train_56,oxidation,0.14627485792152584,31.79,0.046804048120975494,0.056820220313966274,0.006475591799244285,0.0,0.03617499768733978
train_57,oxidation,0.15073424438014627,27.83,0.047483958303928375,0.05464381817728281,0.012130127754062414,0.0,0.036476340144872665
train_58,oxidation,0.14697634079493582,25.27,0.045243918895721436,0.06051543168723583,0.006259738700464368,0.0,0.03495725151151419
train_59,oxidation,0.14631313644349575,25.33,0.04777983948588371,0.055014983750879765,0.006610597483813763,0.0,0.03690771572291851
train_60,oxidation,0.1461960889864713,27.21,0.04776706546545029,0.05500027723610401,0.006608830066397786,0.0,0.03681991621851921
train_61,oxidation,0.2169662327505648,28.47,0.02552287094295025,0.029393427073955536,0.014482742641121149,0.0,0.14756719209253788
train_62,oxidation,0.14660250465385616,27.92,0.04520469158887863,0.06046295911073685,0.006254311418160796,0.0,0.034680542536079884
train_63,oxidation,0.1513560307212174,27.75,0.04500635340809822,0.060157615691423416,0.011497205588966608,0.0,0.03469485603272915
train_64,oxidation,0.20101498300209641,27.94,0.1334864143282175,0.0,0.005022144410759211,0.0,0.0625064242631197
train_65,oxidation,0.18533733999356627,27.95,0.03705780953168869,0.09909336268901825,0.005073546431958675,0.0,0.04411262134090066
train_66,oxidation,0.14896900462917984,25.36,0.0399925522506237,0.05598526448011398,0.005475327605381608,0.0,0.04751586029306054
train_67,oxidation,0.1723118342924863,28.36,0.03821524977684021,0.08230235334485769,0.005560199497267604,0.0,0.0462340316735208
train_68,oxidation,0.35958087048493326,12.61,0.06251237541437149,0.10940787941217422,0.009028573287650943,0.13460253458470106,0.04402950778603554
train_69,oxidation,0.3592273739632219,11.28,0.06250686943531036,0.1093982383608818,0.009027754655107856,0.13426885940134525,0.04402565211057663
train_70,oxidation,0.3374187289737165,10.78,0.06294683367013931,0.11068016663193703,0.009069932159036398,0.11019517853856087,0.04452661797404289
train_71,oxidation,0.4557429251726717,11.11,0.05673268064856529,0.09975374490022659,0.008174543967470527,0.2509510386735201,0.040130916982889175
train_72,oxidation,0.40240194858051836,12.53,0.06013699248433113,0.10573957860469818,0.00866506458260119,0.18532129377126694,0.042539019137620926
train_73,oxidation,0.5095927997026592,12.93,0.05048506334424019,0.08876848593354225,0.007274331757798791,0.3273533694446087,0.03571154922246933
train_74,oxidation,1.1203609758522362,12.4,0.8102158308029175,0.1942204125225544,0.004404471488669515,0.044237994123250246,0.06728226691484451
train_75,oxidation,1.182096696458757,22.0,0.6631884574890137,0.4022609665989876,0.0357787748798728,0.08086849749088287,0.0
train_76,oxidation,1.022345476783812,17.71,0.5264602303504944,0.3193279057741165,0.028402364812791348,0.08194348402321339,0.06621149182319641
train_77,oxidation,1.0387687399052083,18.32,0.5398188233375549,0.3273112513124943,0.01982335513457656,0.08397237211465836,0.06784293800592422
train_78,oxidation,0.15760033740662038,77.0,0.07649323344230652,0.0,0.004332733107730746,0.0,0.07677437085658312
train_79,oxidation,0.17339181900024414,31.35,0.04337511584162712,0.0,0.00476003997027874,0.0,0.12525666318833828
train_80,oxidation,0.26300599495880306,113.05,0.13758334517478943,0.0,0.008084751898422837,0.0,0.11733789788559079
train_81,oxidation,0.19561005383729935,87.0,0.0,0.14146186411380768,0.05414818972349167,0.0,0.0
train_82,oxidation,0.17721114307641983,103.1,0.0,0.10686667263507843,0.0703444704413414,0.0,0.0
train_83,oxidation,0.18892092630267143,74.26,0.0,0.1375734806060791,0.05134744569659233,0.0,0.0
train_84,oxidation,0.17116569727659225,87.72,0.0,0.10431305319070816,0.0668526440858841,0.0,0.0
train_85,oxidation,0.17971689254045486,55.42,0.0,0.12805171310901642,0.051665179431438446,0.0,0.0
train_86,oxidation,0.16376691311597824,61.15,0.0,0.09671145677566528,0.06705545634031296,0.0,0.0
train_87,oxidation,0.4564000591635704,52.1,0.0,0.3493139445781708,0.10708611458539963,0.0,0.0
train_88,oxidation,0.1978313848376274,129.68,0.09375746548175812,0.0,0.1040739193558693,0.0,0.0
train_89,oxidation,0.4172915033996105,20.84,0.0,0.3343765437602997,0.08291495963931084,0.0,0.0
train_90,oxidation,0.29836766235530376,134.43,0.0,0.12069156765937805,0.1776760946959257,0.0,0.0
train_91,oxidation,0.4172915033996105,35.89,0.0,0.3343765437602997,0.08291495963931084,0.0,0.0
train_92,oxidation,0.6982822436839342,36.07,0.0,0.31562966108322144,0.3826525826007128,0.0,0.0
train_93,oxidation,3.5196505340281874,89.03,0.0,0.026872187852859497,0.0329956169007346,0.1926161147421226,3.2671666145324707
train_94,oxidation,0.8084640502929688,10.22,0.0,0.12500564754009247,0.6834584027528763,0.0,0.0
train_95,oxidation,0.2692830431042239,88.19,0.10891636461019516,0.0,0.014322644448839128,0.07248251291457564,0.07356152113061398
train_96,oxidation,0.5437180334120058,78.95,0.11192769557237625,0.0,0.025342646578792483,0.09100175939965993,0.3154459318611771
train_97,oxidation,0.5968694041657727,97.44,0.11765055358409882,0.0,0.003933050640625879,0.030040182871744037,0.445245617069304
train_98,oxidation,0.20201476488728076,85.8,0.049587447196245193,0.0,0.007756082457490265,0.03958095796406269,0.10509027726948261
train_99,oxidation,0.5507497293874621,96.92,0.043798379600048065,0.0,0.05988507531583309,0.1077301474288106,0.3393361270427704
train_100,oxidation,0.27490162174217403,105.26,0.130646750330925,0.0,0.018041157629340887,0.03907664050348103,0.08713707327842712
train_101,oxidation,0.21476356755010784,126.73,0.10173739492893219,0.0,0.017561952583491802,0.035803949227556586,0.05966027081012726
train_102,oxidation,0.26654220186173916,86.92,0.0,0.04836569353938103,0.21817650832235813,0.0,0.0
train_103,oxidation,0.9883771575987339,10.6,0.0,0.20620456337928772,0.7821725942194462,0.0,0.0
train_104,oxidation,0.7990491688251495,11.48,0.0,0.2701468765735626,0.5289022922515869,0.0,0.0
train_105,oxidation,0.5176448971033096,10.1,0.0,0.40016400814056396,0.11748088896274567,0.0,0.0
train_106,oxidation,0.18673063442111015,84.25,0.0,0.13296809792518616,0.053762536495923996,0.0,0.0
train_107,oxidation,0.16892030835151672,95.47,0.0,0.0995943620800972,0.06932594627141953,0.0,0.0
train_108,oxidation,0.5038153380155563,11.28,0.0,0.40303003787994385,0.10078530013561249,0.0,0.0
train_109,oxidation,0.3852319307625294,92.78,0.0,0.046630799770355225,0.019222185015678406,0.23273209854960442,0.08664684742689133
train_110,oxidation,0.347483329474926,107.79,0.0,0.03465186432003975,0.02401195652782917,0.22340108640491962,0.06541842222213745
train_111,oxidation,1.2410884387791157,8.58,0.0,0.15703155100345612,0.03936518728733063,0.680052537471056,0.36463916301727295
train_112,oxidation,0.39435383304953575,88.46,0.0,0.043277379125356674,0.017839834094047546,0.2408628761768341,0.09237374365329742
train_113,oxidation,0.3579692430794239,103.13,0.0,0.032330576330423355,0.022403419017791748,0.2331102266907692,0.0701250210404396
train_114,oxidation,0.17971689254045486,45.59,0.0,0.12805171310901642,0.051665179431438446,0.0,0.0
train_115,oxidation,0.16376691311597824,53.59,0.0,0.09671145677566528,0.06705545634031296,0.0,0.0
train_116,oxidation,0.4534061476588249,15.78,0.0,0.3571668267250061,0.09623932093381882,0.0,0.0
train_117,oxidation,0.18673063442111015,91.23,0.0,0.13296809792518616,0.053762536495923996,0.0,0.0
train_118,oxidation,0.16892030835151672,103.98,0.0,0.0995943620800972,0.06932594627141953,0.0,0.0
train_119,oxidation,0.5038153380155563,12.88,0.0,0.40303003787994385,0.10078530013561249,0.0,0.0
train_120,oxidation,0.36601199419237673,25.27,0.17539172433316708,0.0,0.0114066565874964,0.0363614447414875,0.14285216853022575
train_121,oxidation,0.35973582835868,28.09,0.17920503951609135,0.0,0.011654656613245606,0.030676530906930566,0.1381996013224125
train_122,oxidation,3.0533976713195443,69.1,0.05694156885147095,0.023772123269736767,0.41926354728639126,0.4438725784420967,2.1095478534698486
train_123,oxidation,3.019087264779955,65.59,0.056565262377262115,0.02361502731218934,0.41305832751095295,0.3495297636836767,2.176318883895874
train_124,oxidation,2.9941004049032927,79.18,0.05911412462592125,0.024679127149283886,0.3167720688506961,0.4624096341431141,2.1311254501342773
train_125,oxidation,2.4118848461657763,148.95,0.23933860659599304,0.034301948733627796,0.3306383192539215,0.3716817991808057,1.4359241724014282
train_126,oxidation,2.504698293749243,85.72,0.5044924020767212,0.0967717170715332,0.17554359044879675,0.2391074630431831,1.4887831211090088
train_127,oxidation,2.476039177272469,24.4,0.543194591999054,0.104835145175457,0.14716076478362083,0.20988114411011338,1.4709675312042236
train_128,oxidation,0.3282048759283498,15.94,0.15614078287035227,0.0,0.006012673722580075,0.050773894297890365,0.11527752503752708
train_129,oxidation,0.2925610379315913,15.81,0.055515822023153305,0.04061057465150952,0.008544479496777058,0.04958055913448334,0.13830960262566805
train_130,oxidation,0.22912770695984364,43.24,0.09861382562667131,0.0,0.008726068073883653,0.05400725197978318,0.06778056127950549
train_131,oxidation,0.18839630775619298,41.28,0.10887981951236725,0.0,0.003842771169729531,0.0,0.0756737170740962
train_132,oxidation,0.2705518588772975,17.37,0.006428631022572517,0.02997698914259672,0.01708150637568906,0.05289211531635374,0.16417261702008545
train_133,oxidation,0.31787485047243536,20.31,0.06750889867544174,0.05900128185749054,0.012734227580949664,0.09670384833589196,0.08192659402266145
train_134,oxidation,0.3467100386333186,16.57,0.06675807666033506,0.03403452690690756,0.01215391224832274,0.04942772362846881,0.18433579918928444
train_135,oxidation,0.29313941980944946,17.9,0.07692054053768516,0.041996161453425884,0.009684167278464884,0.04257956659421325,0.1219589839456603
train_136,oxidation,0.29212157940492034,16.22,0.07632640516385436,0.04165743803605437,0.009607449872419238,0.042408475652337074,0.1221218106802553
train_137,oxidation,0.3411012450233102,5.61,0.03720080479979515,0.06665420345962048,0.008294353261590004,0.13770623225718737,0.09124565124511719
train_138,oxidation,0.2732234983704984,16.45,0.0397055558860302,0.0711423996835947,0.006740431999787688,0.10921036242507398,0.04642474837601185
train_139,oxidation,2.6250069818925112,134.0,0.054030608385801315,0.013388198334723711,0.21599210612475872,0.4308060428593308,1.9107900261878967
train_140,oxidation,2.6250069818925112,122.71,0.054030608385801315,0.013388198334723711,0.21599210612475872,0.4308060428593308,1.9107900261878967
train_141,oxidation,2.6250069818925112,134.08,0.054030608385801315,0.013388198334723711,0.21599210612475872,0.4308060428593308,1.9107900261878967
train_142,oxidation,0.9375765563454479,93.48,0.10378789156675339,0.0,0.03640453307889402,0.18017177656292915,0.6172123551368713
train_143,oxidation,0.5099855065345764,14.85,0.0,0.0,0.5099855065345764,0.0,0.0
train_144,oxidation,0.5393018485046923,17.01,0.13646329939365387,0.10629511624574661,0.0633880440145731,0.0026810658164322376,0.2304743230342865
train_145,oxidation,0.6517255902290344,112.26,0.0,0.0,0.6517255902290344,0.0,0.0
train_146,oxidation,4.5699872970581055,65.64,0.0,0.0,4.5699872970581055,0.0,0.0
train_147,oxidation,0.38686648150905967,16.13,0.11400733143091202,0.09603658877313137,0.00595287699252367,0.1031894558109343,0.0676802285015583
train_148,oxidation,0.4417339366627857,22.21,0.22698460519313812,0.07565025798976421,0.016638565459288657,0.0919648960698396,0.03049561195075512
train_149,oxidation,0.5099855065345764,17.35,0.0,0.0,0.5099855065345764,0.0,0.0
train_150,oxidation,0.5393018485046923,17.0,0.13646329939365387,0.10629511624574661,0.0633880440145731,0.0026810658164322376,0.2304743230342865
train_151,oxidation,0.18580538406968117,19.11,0.0,0.0,0.13049598038196564,0.0,0.05530940368771553
train_152,oxidation,0.3174409983912483,38.8,0.012043858878314495,0.05200445279479027,0.010976243880577385,0.03470207890495658,0.20771436393260956
train_153,oxidation,0.1593422245932743,45.93,0.0076151154935359955,0.02009847480803728,0.008732943679206073,0.03286556527018547,0.09003012534230947
train_154,oxidation,0.1254628684837371,75.09,0.006440882571041584,0.015132023487240076,0.00848430022597313,0.031127711525186896,0.06427795067429543
train_155,oxidation,0.19873644958715886,61.83,0.009201977401971817,0.025601799599826336,0.010651355958543718,0.03776102466508746,0.11552029196172953
train_156,oxidation,0.1860804221360013,45.2,0.00815254170447588,0.022190797608345747,0.013470948557369411,0.03379980521276593,0.10846632905304432
train_157,oxidation,0.1419753342634067,52.89,0.006773089058697224,0.01673178654164076,0.011845730594359338,0.031358471140265465,0.07526625692844391
train_158,oxidation,0.18453886767383665,47.24,0.008009894751012325,0.021795504726469517,0.00931228359695524,0.03909832425415516,0.10632286034524441
train_159,oxidation,0.14106411102693528,57.58,0.006633329205214977,0.016368876211345196,0.00833405542653054,0.036080194637179375,0.07364765554666519
train_160,oxidation,0.3208683264674619,45.28,0.01195098552852869,0.052032673731446266,0.013794010621495545,0.03941785451024771,0.20367280207574368
train_161,oxidation,0.2101357989013195,42.16,0.011893412098288536,0.03311768267303705,0.01799899712204933,0.10178668331354856,0.04533902369439602
train_162,oxidation,3.8862245082855225,70.33,0.0,0.0,3.8862245082855225,0.0,0.0
train_163,oxidation,3.8740763664245605,76.57,0.0,0.0,3.8740763664245605,0.0,0.0
train_164,oxidation,3.8740763664245605,127.51,0.0,0.0,3.8740763664245605,0.0,0.0
train_165,oxidation,0.05514781642705202,50.69,0.0,0.0,0.028324004262685776,0.0,0.026823812164366245
train_166,oxidation,0.07792326714843512,47.54,0.0,0.0,0.034860674291849136,0.0,0.04306259285658598
train_167,oxidation,4.9894609451293945,41.93,0.0,0.0,4.9894609451293945,0.0,0.0
